Parametros,Valor
sigma,0.192307692
phi,0.0607
d,0.2
lambda0,0.04
lambda1,0.04
lambda2,0.04
omega,0.041666667
Phi,0.041666667
epsilon,0.05
gamma,0.041666667
Gamma,0.1714
etta,0.014492754
kappa,0.125
delta,0.05